{
  "norm_stats": {
    "obs/robot0_eef_pos": {
      "mean": [
        -0.01722574420273304,
        -0.004807936958968639,
        0.8972748517990112
      ],
      "std": [
        0.10810988396406174,
        0.10500645637512207,
        0.05934575945138931
      ],
      "q01": [
        -0.22126312291622163,
        -0.2023900322318077,
        0.8101147032499313
      ],
      "q99": [
        0.19690543488264084,
        0.19951454070806507,
        1.0215733769893647
      ],
      "min": [
        -0.28264763951301575,
        -0.30886292457580566,
        0.8087866306304932
      ],
      "max": [
        0.25581303238868713,
        0.3030502498149872,
        1.054726004600525
      ]
    },
    "obs/robot0_gripper_qpos": {
      "mean": [
        0.02925841510295868,
        -0.029321206733584404
      ],
      "std": [
        0.009526939131319523,
        0.009464789181947708
      ],
      "q01": [
        0.017900064778886733,
        -0.0399644937813282
      ],
      "q99": [
        0.03987382502341643,
        -0.017847363883256914
      ],
      "min": [
        0.007555556017905474,
        -0.04111642763018608
      ],
      "max": [
        0.040839046239852905,
        -0.005118494853377342
      ]
    },
    "action": {
      "mean": [
        -0.009501882828772068,
        -0.005068556405603886,
        0.8870317339897156,
        -0.04810977727174759,
        0.7874631881713867,
        0.053027886897325516,
        0.7895616888999939,
        0.04984484240412712,
        -0.0184642244130373,
        -0.09611676633358002
      ],
      "std": [
        0.10943575203418732,
        0.10939515382051468,
        0.05007799714803696,
        0.5530836582183838,
        0.2555425763130188,
        0.059761956334114075,
        0.25622475147247314,
        0.5518673062324524,
        0.05964801087975502,
        0.995370090007782
      ],
      "q01": [
        -0.21975543303489686,
        -0.20263479750156402,
        0.8101147032499313,
        -0.9963997624397278,
        -0.0958264131605625,
        -0.08824081434607506,
        -0.0958157146573067,
        -0.9907877985477448,
        -0.15516969003677367,
        -1.0
      ],
      "q99": [
        0.1972285112857819,
        0.20012645388245587,
        1.0114898626565934,
        0.9903997638702391,
        0.9983010071158409,
        0.19405273184776306,
        0.9994328947782516,
        0.9935698574066161,
        0.11304405681490898,
        0.9996
      ],
      "min": [
        -0.28264763951301575,
        -0.30886292457580566,
        0.8087866306304932,
        -0.9999997615814209,
        -0.4154305160045624,
        -0.18514232337474823,
        -0.4176141023635864,
        -0.9999876022338867,
        -0.22262977063655853,
        -1.0
      ],
      "max": [
        0.25581303238868713,
        0.3030502498149872,
        1.054726004600525,
        0.9999997615814209,
        0.9999995231628418,
        0.25292959809303284,
        0.9999999403953552,
        0.9999697208404541,
        0.20541642606258392,
        1.0
      ]
    }
  }
}