{
  "norm_stats": {
    "state": {
      "mean": [
        -0.04651879146695137,
        0.0344090461730957,
        0.7645531296730042,
        2.9722142219543457,
        -0.22046957910060883,
        -0.12557949125766754,
        0.026914257556200027,
        -0.02719077095389366
      ],
      "std": [
        0.10494401305913925,
        0.15176622569561005,
        0.3785156011581421,
        0.34425732493400574,
        0.90694659948349,
        0.3253919184207916,
        0.014175924472510815,
        0.014058893546462059
      ],
      "q01": [
        -0.3992278680294752,
        -0.2688781352341175,
        0.0380015922319144,
        1.5083277968406676,
        -2.721004430627823,
        -1.0813218128442763,
        0.00173520012809895,
        -0.04004424215038307
      ],
      "q99": [
        0.13545873028039934,
        0.33566314613819126,
        1.2698724751349537,
        3.2765059180259706,
        2.405436800289154,
        0.5971528978824616,
        0.04030334069116507,
        -0.0017878379381960213
      ]
    },
    "actions": {
      "mean": [
        0.06672370433807373,
        0.06401000171899796,
        -0.804952085018158,
        -2.9715688228607178,
        0.22735750675201416,
        0.11924204975366592,
        -0.034920211881399155
      ],
      "std": [
        0.32852593064308167,
        0.41963791847229004,
        0.6165134906768799,
        0.35100868344306946,
        0.9101247787475586,
        0.3436630070209503,
        0.9993901252746582
      ],
      "q01": [
        -0.709364564037323,
        -0.8827153866052628,
        -2.0965473352432253,
        -3.302723776584864,
        -2.407222908401489,
        -0.6131977235794067,
        -1.0
      ],
      "q99": [
        1.023101577234268,
        1.0536570170879362,
        0.7273882137298582,
        -1.481289634424448,
        2.7261291843414304,
        1.1217308605432508,
        0.9996
      ]
    }
  }
}