{
  "norm_stats": {
    "obs/robot0_eef_pos": {
      "min": [
        -0.5484811067581177,
        -0.47873401641845703,
        0.808495819568634
      ],
      "max": [
        0.2891242802143097,
        0.44041508436203003,
        1.2235039472579956
      ],
      "mean": [
        -0.05869019031524658,
        -0.01854177750647068,
        0.9718243479728699
      ],
      "std": [
        0.1326047033071518,
        0.13206420838832855,
        0.07372855395078659
      ]
    },
    "obs/robot0_gripper_qpos": {
      "min": [
        -0.004510186146944761,
        -0.04476327821612358
      ],
      "max": [
        0.04479708895087242,
        0.008143726736307144
      ],
      "mean": [
        0.029776033014059067,
        -0.02942913956940174
      ],
      "std": [
        0.012019041925668716,
        0.012276259250938892
      ]
    },
    "action": {
      "min": [
        -0.5484811067581177,
        -0.47873401641845703,
        0.808495819568634,
        -1.0,
        -0.999998927116394,
        -0.9543782472610474,
        -0.9999991059303284,
        -0.9999998807907104,
        -0.9678841233253479,
        -1.0
      ],
      "max": [
        0.2891242802143097,
        0.44041508436203003,
        1.2235039472579956,
        0.9999999403953552,
        1.0,
        0.8789623975753784,
        1.0,
        0.9999997019767761,
        0.9992740750312805,
        1.0
      ],
      "mean": [
        -0.05854571983218193,
        -0.018426837399601936,
        0.9717082977294922,
        -0.10111231356859207,
        0.682471752166748,
        0.011666013859212399,
        0.6747215390205383,
        0.09511088579893112,
        -0.04688179865479469,
        -0.2364928424358368
      ],
      "std": [
        0.13281786441802979,
        0.1322563886642456,
        0.07379119098186493,
        0.5529444813728333,
        0.45801472663879395,
        0.10170913487672806,
        0.4555619955062866,
        0.5493735074996948,
        0.15633542835712433,
        0.9610458612442017
      ]
    }
  }
}