{
  "norm_stats": {
    "obs/robot0_eef_pos": {
      "mean": [
        -0.02734939008951187,
        -0.015648581087589264,
        0.9711061716079712
      ],
      "std": [
        0.13968001306056976,
        0.15001986920833588,
        0.0754062607884407
      ],
      "q01": [
        -0.3498311650753021,
        -0.333265078830719,
        0.8183690443634987
      ],
      "q99": [
        0.2411069536209106,
        0.3651642566680908,
        1.140688998556137
      ],
      "min": [
        -0.4387472867965698,
        -0.4229925274848938,
        0.808510959148407
      ],
      "max": [
        0.3481210470199585,
        0.5275101065635681,
        1.2028343677520752
      ]
    },
    "obs/robot0_gripper_qpos": {
      "mean": [
        0.02403520606458187,
        -0.023688748478889465
      ],
      "std": [
        0.015311438590288162,
        0.015415328554809093
      ],
      "q01": [
        -0.005101271933317184,
        -0.04057027753144503
      ],
      "q99": [
        0.040461447216942906,
        0.0050594975695014005
      ],
      "min": [
        -0.012286631390452385,
        -0.043061815202236176
      ],
      "max": [
        0.04315595701336861,
        0.012802258133888245
      ]
    },
    "action": {
      "mean": [
        -0.02526087500154972,
        -0.014612339437007904,
        0.9702324867248535,
        -0.11170342564582825,
        0.691443145275116,
        -0.0005531810456886888,
        0.6864858269691467,
        0.10777093470096588,
        -0.036125995218753815,
        -0.20162266492843628
      ],
      "std": [
        0.14102567732334137,
        0.15161317586898804,
        0.07578393816947937,
        0.5447107553482056,
        0.4497878849506378,
        0.10202544182538986,
        0.4489663541316986,
        0.5417749285697937,
        0.14396722614765167,
        0.9794632792472839
      ],
      "q01": [
        -0.3510901544094086,
        -0.33345517935752866,
        0.818290179681778,
        -0.9975997626543045,
        -0.8820962786912918,
        -0.2650473735094071,
        -0.8770963450431823,
        -0.9967994069099426,
        -0.720703737783432,
        -1.0
      ],
      "q99": [
        0.24236594295501712,
        0.3678256640434264,
        1.140688998556137,
        0.991599348104,
        0.9996000049471854,
        0.24346528537273393,
        0.9995998433113098,
        0.994798753106594,
        0.19156014420986178,
        0.9996
      ],
      "min": [
        -0.4387472867965698,
        -0.4229925274848938,
        0.808510959148407,
        -0.9999997615814209,
        -0.999677300453186,
        -0.9543782472610474,
        -0.9998895525932312,
        -0.9999994039535522,
        -0.8438251614570618,
        -1.0
      ],
      "max": [
        0.3481210470199585,
        0.5275101065635681,
        1.2028343677520752,
        0.9999993443489075,
        0.9999999403953552,
        0.5884392857551575,
        0.9999998211860657,
        0.9999987483024597,
        0.4228561520576477,
        1.0
      ]
    }
  }
}