{
  "norm_stats": {
    "obs/robot0_eef_pos": {
      "mean": [
        -0.01722562499344349,
        -0.004807909484952688,
        0.8972784876823425
      ],
      "std": [
        0.10810890793800354,
        0.10500553995370865,
        0.05933479964733124
      ],
      "q01": [
        -0.22096868813037873,
        -0.20228945672512055,
        0.8101563787460327
      ],
      "q99": [
        0.19712019443511958,
        0.19963909447193146,
        1.021606183052063
      ],
      "min": [
        -0.28264763951301575,
        -0.30886292457580566,
        0.8087866306304932
      ],
      "max": [
        0.25581303238868713,
        0.3030502498149872,
        1.054726004600525
      ]
    },
    "obs/robot0_gripper_qpos": {
      "mean": [
        0.029258502647280693,
        -0.02932136505842209
      ],
      "std": [
        0.009526854380965233,
        0.009464702568948269
      ],
      "q01": [
        0.017904440462589263,
        -0.03995427668094635
      ],
      "q99": [
        0.03988330468535423,
        -0.017844040915369987
      ],
      "min": [
        0.007555556017905474,
        -0.04111642763018608
      ],
      "max": [
        0.040839046239852905,
        -0.005118494853377342
      ]
    },
    "action": {
      "mean": [
        -0.016279909759759903,
        -0.004850252065807581,
        0.8960292935371399,
        -0.04447750747203827,
        0.8025501370429993,
        0.05690159648656845,
        0.8050801753997803,
        0.046002347022295,
        -0.016268065199255943,
        -0.09611671417951584
      ],
      "std": [
        0.10833252221345901,
        0.10558497160673141,
        0.058331869542598724,
        0.5334921479225159,
        0.24983195960521698,
        0.06060701981186867,
        0.25069189071655273,
        0.5323808789253235,
        0.05699562653899193,
        0.9958986639976501
      ],
      "q01": [
        -0.22096868813037873,
        -0.20230569303035736,
        0.8101563787460327,
        -0.994899845123291,
        -0.08395698040723802,
        -0.08714025378227234,
        -0.08535757660865784,
        -0.9899414205551147,
        -0.14956265389919282,
        -1.0
      ],
      "q99": [
        0.19716462314128874,
        0.19977397680282563,
        1.020645761489868,
        0.9906624460220335,
        0.9992055535316468,
        0.19454879522323604,
        0.9999154233932495,
        0.9935639023780822,
        0.1122586461901663,
        1.0
      ],
      "min": [
        -0.28264763951301575,
        -0.30886292457580566,
        0.8087866306304932,
        -0.9999997615814209,
        -0.4154305160045624,
        -0.18514232337474823,
        -0.4176141023635864,
        -0.9999876022338867,
        -0.22262977063655853,
        -1.0
      ],
      "max": [
        0.25581303238868713,
        0.3030502498149872,
        1.054726004600525,
        0.9999997615814209,
        0.9999995231628418,
        0.25292959809303284,
        0.9999999403953552,
        0.9999697208404541,
        0.20541642606258392,
        1.0
      ]
    }
  }
}