{
  "norm_stats": {
    "obs/robot0_eef_pos": {
      "mean": [
        -0.04651879146695137,
        0.0344090461730957,
        0.7645531296730042
      ],
      "std": [
        0.10494401305913925,
        0.15176622569561005,
        0.3785156011581421
      ],
      "q01": [
        -0.3992278680294752,
        -0.2688781352341175,
        0.0380015922319144
      ],
      "q99": [
        0.13545873028039934,
        0.33566314613819126,
        1.2698724751349537
      ],
      "min": [
        -0.4828203022480011,
        -0.3255046010017395,
        0.008128180168569088
      ],
      "max": [
        0.21031762659549713,
        0.39128610491752625,
        1.3660105466842651
      ]
    },
    "obs/robot0_gripper_qpos": {
      "mean": [
        -0.02719077467918396
      ],
      "std": [
        0.014058887958526611
      ],
      "q01": [
        -0.04004424215038307
      ],
      "q99": [
        -0.0017878379381960213
      ],
      "min": [
        -0.042040832340717316
      ],
      "max": [
        0.0013633022317662835
      ]
    },
    "action": {
      "mean": [
        0.09329898655414581,
        0.05471457913517952,
        -0.8492676019668579,
        0.8149993419647217,
        -0.11312763392925262,
        -0.08963374048471451,
        -0.11088438332080841,
        -0.8226680159568787,
        0.0009879660792648792,
        -0.042948752641677856
      ],
      "std": [
        0.36609530448913574,
        0.41110193729400635,
        0.6303312182426453,
        0.33665743470191956,
        0.3772367537021637,
        0.2435096651315689,
        0.426067054271698,
        0.34368419647216797,
        0.10615623742341995,
        0.9990772604942322
      ],
      "q01": [
        -0.7269045762062073,
        -0.8774027111053466,
        -2.0903388640284537,
        -0.2650004922866821,
        -0.9803995500326157,
        -0.8745769048690796,
        -0.9960000002384186,
        -1.0,
        -0.30670161014795305,
        -1.0
      ],
      "q99": [
        1.080339392375946,
        0.9917741585493087,
        0.8043195106983188,
        0.9996628463506698,
        0.9435978123426436,
        0.39287534751892084,
        0.9923998812437058,
        0.29871345448493947,
        0.28620303304195405,
        0.9996
      ],
      "min": [
        -1.046595811843872,
        -1.2608236074447632,
        -2.2593374252319336,
        -0.6857682466506958,
        -0.9999995231628418,
        -0.9999959468841553,
        -1.0,
        -1.0,
        -0.7388617992401123,
        -1.0
      ],
      "max": [
        1.3643486499786377,
        1.1597628593444824,
        0.9293146729469299,
        1.0,
        0.9999977350234985,
        0.8945515155792236,
        0.9999998807907104,
        0.9918918013572693,
        0.8558252453804016,
        1.0
      ]
    }
  }
}