{
  "norm_stats": {
    "obs/robot0_eef_pos": {
      "mean": [
        -0.05869019031524658,
        -0.01854177750647068,
        0.9718243479728699
      ],
      "std": [
        0.1326047033071518,
        0.13206420838832855,
        0.07372855395078659
      ],
      "q01": [
        -0.36682911217212677,
        -0.28677732944488527,
        0.8163502305746079
      ],
      "q99": [
        0.20188961923122406,
        0.26603683382272814,
        1.126178061962128
      ],
      "min": [
        -0.5484811067581177,
        -0.47873401641845703,
        0.808495819568634
      ],
      "max": [
        0.2891242802143097,
        0.44041508436203003,
        1.2235039472579956
      ]
    },
    "obs/robot0_gripper_qpos": {
      "mean": [
        0.029776033014059067,
        -0.02942913956940174
      ],
      "std": [
        0.012019041925668716,
        0.012276259250938892
      ],
      "q01": [
        0.004828751436434686,
        -0.040662586130201815
      ],
      "q99": [
        0.04053393695503474,
        -0.004044712963514026
      ],
      "min": [
        -0.004510186146944761,
        -0.04476327821612358
      ],
      "max": [
        0.04479708895087242,
        0.008143726736307144
      ]
    },
    "action": {
      "mean": [
        -0.05854571983218193,
        -0.018426837399601936,
        0.9717082977294922,
        -0.10111231356859207,
        0.682471752166748,
        0.011666013859212399,
        0.6747215390205383,
        0.09511088579893112,
        -0.04688179865479469,
        -0.2364928424358368
      ],
      "std": [
        0.13281786441802979,
        0.1322563886642456,
        0.07379119098186493,
        0.5529444813728333,
        0.45801472663879395,
        0.10170913487672806,
        0.4555619955062866,
        0.5493735074996948,
        0.15633542835712433,
        0.9610458612442017
      ],
      "q01": [
        -0.36696291863918307,
        -0.28679290115833284,
        0.8163502305746079,
        -0.997489207983017,
        -0.8935470432043076,
        -0.2808223754167557,
        -0.8923716276884079,
        -0.9968401193618774,
        -0.7478889197111129,
        -1.0
      ],
      "q99": [
        0.20194214656949055,
        0.26608493775129316,
        1.126178061962128,
        0.9931324064731598,
        0.9997791647911072,
        0.2703311502933503,
        0.9998822808265686,
        0.9963652461767196,
        0.18424988463521103,
        1.0
      ],
      "min": [
        -0.5484811067581177,
        -0.47873401641845703,
        0.808495819568634,
        -1.0,
        -0.999998927116394,
        -0.9543782472610474,
        -0.9999991059303284,
        -0.9999998807907104,
        -0.9678841233253479,
        -1.0
      ],
      "max": [
        0.2891242802143097,
        0.44041508436203003,
        1.2235039472579956,
        0.9999999403953552,
        1.0,
        0.8789623975753784,
        1.0,
        0.9999997019767761,
        0.9992740750312805,
        1.0
      ]
    }
  }
}