{
  "norm_stats": {
    "obs/robot0_eef_pos": {
      "min": [
        -0.5149909853935242,
        -0.47873401641845703,
        0.808495819568634
      ],
      "max": [
        0.2891242802143097,
        0.44041508436203003,
        1.2235039472579956
      ],
      "mean": [
        -0.04199859872460365,
        -0.024398934096097946,
        0.9530988931655884
      ],
      "std": [
        0.11316142976284027,
        0.129596546292305,
        0.07349592447280884
      ]
    },
    "obs/robot0_gripper_qpos": {
      "min": [
        -0.004510186146944761,
        -0.04476327821612358
      ],
      "max": [
        0.04371250048279762,
        0.008143726736307144
      ],
      "mean": [
        0.029022712260484695,
        -0.028539517894387245
      ],
      "std": [
        0.01144233625382185,
        0.011615093797445297
      ]
    },
    "action": {
      "min": [
        -0.5149909853935242,
        -0.47873401641845703,
        0.808495819568634,
        -0.9999998807907104,
        -0.999998927116394,
        -0.9543782472610474,
        -0.999989926815033,
        -0.9999998807907104,
        -0.9678841233253479,
        -1.0
      ],
      "max": [
        0.2891242802143097,
        0.44041508436203003,
        1.2235039472579956,
        0.9999999403953552,
        0.9999999403953552,
        0.8789623975753784,
        1.0,
        0.999999463558197,
        0.9992740750312805,
        1.0
      ],
      "mean": [
        -0.04162874445319176,
        -0.024173008278012276,
        0.9529037475585938,
        0.05326506495475769,
        0.6649472713470459,
        0.026993244886398315,
        0.6668856143951416,
        -0.053306590765714645,
        3.729179297806695e-05,
        -0.12912075221538544
      ],
      "std": [
        0.11334483325481415,
        0.12989221513271332,
        0.07351220399141312,
        0.5670395493507385,
        0.4746333956718445,
        0.0929783433675766,
        0.4750917851924896,
        0.5676714777946472,
        0.07465244084596634,
        0.9860170483589172
      ]
    }
  }
}