{
  "norm_stats": {
    "obs/robot0_eef_pos": {
      "mean": [
        -0.02587404102087021,
        -0.018312392756342888,
        0.9723249673843384
      ],
      "std": [
        0.14135296642780304,
        0.15009687840938568,
        0.07517410069704056
      ],
      "q01": [
        -0.3573423421382904,
        -0.33837360501289365,
        0.8187687110900879
      ],
      "q99": [
        0.24706139266490915,
        0.36328712940216046,
        1.139983987808227
      ],
      "min": [
        -0.5484811067581177,
        -0.47873401641845703,
        0.808495819568634
      ],
      "max": [
        0.3781653344631195,
        0.5555333495140076,
        1.2235039472579956
      ]
    },
    "obs/robot0_gripper_qpos": {
      "mean": [
        0.023649685084819794,
        -0.023243768140673637
      ],
      "std": [
        0.015288854949176311,
        0.015480688773095608
      ],
      "q01": [
        -0.005040881931781769,
        -0.04052706778049469
      ],
      "q99": [
        0.040466245263814926,
        0.005137160979211304
      ],
      "min": [
        -0.013601018115878105,
        -0.04476327821612358
      ],
      "max": [
        0.04479708895087242,
        0.014002309180796146
      ]
    },
    "action": {
      "mean": [
        -0.025643734261393547,
        -0.01822003163397312,
        0.9722284078598022,
        -0.11404482275247574,
        0.7060381174087524,
        0.0022413746919482946,
        0.7010725140571594,
        0.11025338619947433,
        -0.036862488836050034,
        -0.2078254520893097
      ],
      "std": [
        0.14154258370399475,
        0.15030372142791748,
        0.07521440833806992,
        0.5425317883491516,
        0.4306075870990753,
        0.1010902151465416,
        0.4301741123199463,
        0.539627194404602,
        0.1436072289943695,
        1.0009671449661255
      ],
      "q01": [
        -0.35755199790000913,
        -0.3383774423599243,
        0.8187687110900879,
        -0.9973041391372681,
        -0.8762753367424011,
        -0.2596883153915405,
        -0.8744291567802429,
        -0.9956361627578736,
        -0.7171392726898193,
        -1.0
      ],
      "q99": [
        0.24718078255653364,
        0.36375158667564383,
        1.139983987808227,
        0.9922070479393005,
        0.9997383952140808,
        0.25299314260482697,
        0.9998540282249451,
        0.9961771631240843,
        0.192669866085051,
        1.0
      ],
      "min": [
        -0.5484811067581177,
        -0.47873401641845703,
        0.808495819568634,
        -1.0,
        -0.999998927116394,
        -0.9543782472610474,
        -0.9999991059303284,
        -0.9999998807907104,
        -0.9678841233253479,
        -1.0
      ],
      "max": [
        0.3781653344631195,
        0.5555333495140076,
        1.2235039472579956,
        0.9999999403953552,
        1.0,
        0.8789623975753784,
        1.0,
        0.9999997019767761,
        0.9992740750312805,
        1.0
      ]
    }
  }
}