{
  "norm_stats": {
    "state": {
      "mean": [
        -0.046518828719854355,
        0.034408919513225555,
        0.7645694613456726,
        2.9716713428497314,
        -0.2204727977514267,
        -0.12557993829250336,
        0.026915358379483223,
        -0.027191326022148132
      ],
      "std": [
        0.10494082421064377,
        0.1517619788646698,
        0.3785194456577301,
        0.3442671298980713,
        0.9068173766136169,
        0.32538288831710815,
        0.014175750315189362,
        0.014058776199817657
      ],
      "q01": [
        -0.39912487387657164,
        -0.26883512616157534,
        0.03826696485280991,
        1.5089580535888671,
        -2.719791135787964,
        -1.08050856590271,
        0.0017423711018636821,
        -0.04002561450004578
      ],
      "q99": [
        0.13556506335735302,
        0.33566484451293943,
        1.2706659078598022,
        3.2773460674285886,
        2.406109695434569,
        0.59776972055435,
        0.04031316146254539,
        -0.0017781084170565016
      ]
    },
    "actions": {
      "mean": [
        0.06278152763843536,
        0.08684158325195312,
        -0.0903734639286995,
        0.0005407554563134909,
        0.005643464159220457,
        -0.005229106638580561,
        -0.0496407225728035
      ],
      "std": [
        0.33551836013793945,
        0.37847793102264404,
        0.4446770250797272,
        0.03924214467406273,
        0.06341660022735596,
        0.07792268693447113,
        1.000144362449646
      ],
      "q01": [
        -0.7044642567634583,
        -0.8008928298950195,
        -0.9375,
        -0.11464285850524902,
        -0.1639285683631897,
        -0.2239285707473755,
        -1.0
      ],
      "q99": [
        0.9375,
        0.8678571581840515,
        0.9375,
        0.13178572058677673,
        0.19285714626312256,
        0.335357129573822,
        1.0
      ]
    }
  }
}